name,value
01_shiseido_force_model_refresh,0
01_shiseido_projectId,5c2edf18e498741da9460337
01_shiseido_modelId,5c2edf8fb903084628803f4a
01_shiseido_modelNm,eXtreme Gradient Boosted Trees Regressor
02_kyowa_force_model_refresh,0
02_kyowa_projectId,5c2ee2aee498741d8e460337
02_kyowa_modelId,5c2ee325a51e870e85958034
02_kyowa_modelNm,eXtreme Gradient Boosted Trees Regressor with Early Stopping (Gamma Loss)
03_protea_force_model_refresh,0
03_protea_projectId,5c2ee680e498741dd446033d
03_protea_modelId,5c2ee9787ff819f3db864aa2
03_protea_modelNm,AVG Blender
04_loccitane_force_model_refresh,0
04_loccitane_projectId,5c2eeaa7e498741dba46035c
04_loccitane_modelId,5c2eeb227ff819f8c6864e67
04_loccitane_modelNm,Ridge Regressor with Forecast Distance Modeling
05_mediplusk_force_model_refresh,0
05_mediplusk_projectId,5c2eef0be498741dfd460338
05_mediplusk_modelId,5c2ef275a51e875c61957c56
05_mediplusk_modelNm,Elastic-Net Regressor (mixing alpha=0.5 / Gamma Deviance) with Forecast Distance Modeling
06_mediplusf_force_model_refresh,0
06_mediplusf_projectId,5c2ef3f8e498741dd4460344
06_mediplusf_modelId,5c2ef6d07ff81936ea864aa2
06_mediplusf_modelNm,AVG Blender
07_kubaraf_force_model_refresh,0
07_kubaraf_projectId,5c2ef80ce498741e1e460343
07_kubaraf_modelId,5c2ef8913396035385ea068c
07_kubaraf_modelNm,eXtreme Gradient Boosted Trees Regressor with Early Stopping (Gamma Loss)
08_kubaraa_force_model_refresh,0
08_kubaraa_projectId,5c2efce0e498741e3d460344
08_kubaraa_modelId,5c2effe77ff81964a6864aa2
08_kubaraa_modelNm,AVG Blender
