date,Plan,LINE,Mail,Other
2017/1/2,"1,150",FALSE,FALSE,FALSE
2017/1/3,"1,600",FALSE,FALSE,FALSE
2017/1/4,"1,800",FALSE,FALSE,FALSE
2017/1/5,"2,300",FALSE,FALSE,FALSE
2017/1/6,"6,100",FALSE,TRUE,FALSE
2017/1/7,"7,100",TRUE,FALSE,TRUE
2017/1/8,"3,200",FALSE,FALSE,FALSE
2017/1/9,"3,000",FALSE,FALSE,FALSE
2017/1/10,"3,000",FALSE,FALSE,FALSE
2017/1/11,"2,800",FALSE,TRUE,FALSE
2017/1/12,"3,300",TRUE,TRUE,FALSE
2017/1/13,"3,400",FALSE,TRUE,FALSE
2017/1/14,"4,100",FALSE,FALSE,TRUE
2017/1/15,"3,100",FALSE,FALSE,FALSE
2017/1/16,"3,100",FALSE,FALSE,FALSE
2017/1/17,"3,200",FALSE,TRUE,FALSE
2017/1/18,"3,400",FALSE,TRUE,FALSE
2017/1/19,"3,000",FALSE,FALSE,FALSE
2017/1/20,"3,100",FALSE,TRUE,FALSE
2017/1/21,"3,100",FALSE,TRUE,FALSE
2017/1/22,"4,800",TRUE,TRUE,FALSE
2017/1/23,"4,400",FALSE,FALSE,FALSE
2017/1/24,"4,900",TRUE,TRUE,FALSE
2017/1/25,"4,900",FALSE,FALSE,TRUE
2017/1/26,"4,200",TRUE,TRUE,FALSE
2017/1/27,"4,800",TRUE,TRUE,TRUE
2017/1/28,"4,500",FALSE,TRUE,FALSE
2017/1/29,"4,400",FALSE,FALSE,FALSE
2017/1/30,"5,100",FALSE,TRUE,FALSE
2017/1/31,"5,200",TRUE,FALSE,FALSE
2017/2/1,"6,900",FALSE,TRUE,FALSE
2017/2/2,"5,500",TRUE,TRUE,FALSE
2017/2/3,"4,500",FALSE,TRUE,TRUE
2017/2/4,"3,900",FALSE,FALSE,FALSE
2017/2/5,"3,700",TRUE,FALSE,FALSE
2017/2/6,"3,600",FALSE,FALSE,FALSE
2017/2/7,"4,400",TRUE,FALSE,FALSE
2017/2/8,0,FALSE,FALSE,FALSE
2017/2/9,0,FALSE,FALSE,FALSE
2017/2/10,"3,700",FALSE,FALSE,FALSE
2017/2/11,"5,300",FALSE,FALSE,TRUE
2017/2/12,"4,300",FALSE,FALSE,FALSE
2017/2/13,"4,300",FALSE,FALSE,FALSE
2017/2/14,"4,800",FALSE,TRUE,FALSE
2017/2/15,"4,400",FALSE,TRUE,FALSE
2017/2/16,"4,800",TRUE,TRUE,FALSE
2017/2/17,"4,600",FALSE,TRUE,FALSE
2017/2/18,"5,100",FALSE,TRUE,FALSE
2017/2/19,"4,700",FALSE,TRUE,FALSE
2017/2/20,"4,400",FALSE,FALSE,FALSE
2017/2/21,"4,200",FALSE,TRUE,FALSE
2017/2/22,"6,700",TRUE,TRUE,FALSE
2017/2/23,"6,000",FALSE,FALSE,TRUE
2017/2/24,"6,000",FALSE,TRUE,FALSE
2017/2/25,"5,650",FALSE,TRUE,FALSE
2017/2/26,"5,450",FALSE,FALSE,FALSE
2017/2/27,"5,800",FALSE,TRUE,FALSE
2017/2/28,"6,600",FALSE,TRUE,TRUE
2017/3/1,"7,900",TRUE,TRUE,FALSE
2016/3/1,0,FALSE,FALSE,FALSE
2017/3/2,"3,700",TRUE,TRUE,FALSE
2017/3/3,"3,700",FALSE,TRUE,FALSE
2017/3/4,"3,700",FALSE,TRUE,FALSE
2017/3/5,"4,000",FALSE,FALSE,FALSE
2017/3/6,"4,200",FALSE,FALSE,FALSE
2017/3/7,"3,900",FALSE,FALSE,TRUE
2017/3/8,"3,900",FALSE,TRUE,FALSE
2017/3/9,"3,900",TRUE,TRUE,FALSE
2017/3/10,"5,700",FALSE,FALSE,TRUE
2017/3/11,"5,300",TRUE,TRUE,FALSE
2017/3/12,"4,900",FALSE,FALSE,FALSE
2017/3/13,"4,900",FALSE,FALSE,FALSE
2017/3/14,"4,400",FALSE,TRUE,FALSE
2017/3/15,"4,400",FALSE,TRUE,FALSE
2017/3/16,"6,600",TRUE,TRUE,FALSE
2017/3/17,"6,000",FALSE,TRUE,FALSE
2017/3/18,"5,700",FALSE,TRUE,FALSE
2017/3/19,"5,700",FALSE,FALSE,FALSE
2017/3/20,"5,700",FALSE,FALSE,FALSE
2017/3/21,"6,500",FALSE,FALSE,FALSE
2017/3/22,"7,300",TRUE,FALSE,TRUE
2017/3/23,"7,300",FALSE,TRUE,FALSE
2017/3/24,"7,300",FALSE,TRUE,FALSE
2017/3/25,"7,500",FALSE,FALSE,FALSE
2017/3/26,"8,800",FALSE,FALSE,FALSE
2017/3/27,"10,100",FALSE,FALSE,FALSE
2017/3/28,"12,000",FALSE,TRUE,FALSE
2017/3/29,"12,500",FALSE,TRUE,FALSE
2017/3/30,"12,500",FALSE,TRUE,FALSE
2017/3/31,"14,500",FALSE,FALSE,FALSE
2017/4/1,"18,500",FALSE,TRUE,FALSE
2017/4/2,"2,480",FALSE,FALSE,FALSE
2017/4/3,"2,480",FALSE,FALSE,FALSE
2017/4/4,"2,580",TRUE,TRUE,FALSE
2017/4/5,"2,850",FALSE,TRUE,FALSE
2017/4/6,"2,740",FALSE,FALSE,TRUE
2017/4/7,"2,730",FALSE,TRUE,FALSE
2017/4/8,"2,530",FALSE,TRUE,FALSE
2017/4/9,"2,530",FALSE,FALSE,FALSE
2017/4/10,"2,630",FALSE,FALSE,FALSE
2017/4/11,"2,730",FALSE,TRUE,FALSE
2017/4/12,"2,530",FALSE,TRUE,FALSE
2017/4/13,"2,530",TRUE,TRUE,FALSE
2017/4/14,"2,530",FALSE,TRUE,FALSE
2017/4/15,"2,730",FALSE,TRUE,FALSE
2017/4/16,"2,730",FALSE,FALSE,FALSE
2017/4/17,"2,930",FALSE,FALSE,FALSE
2017/4/18,"2,630",FALSE,TRUE,FALSE
2017/4/19,"2,580",FALSE,FALSE,FALSE
2017/4/20,"2,480",FALSE,TRUE,FALSE
2017/4/21,"2,480",TRUE,TRUE,FALSE
2017/4/22,"4,850",TRUE,FALSE,TRUE
2017/4/23,"4,950",TRUE,FALSE,FALSE
2017/4/24,"5,250",FALSE,FALSE,FALSE
2017/4/25,"5,440",FALSE,TRUE,FALSE
2017/4/26,"5,240",FALSE,TRUE,TRUE
2017/4/27,"5,240",FALSE,TRUE,FALSE
2017/4/28,"5,240",FALSE,TRUE,FALSE
2017/4/29,"5,440",TRUE,TRUE,FALSE
2017/4/30,"7,160",FALSE,FALSE,FALSE
2017/5/1,"7,160",FALSE,TRUE,FALSE
2017/5/2,"2,400",FALSE,FALSE,FALSE
2017/5/3,"2,600",FALSE,TRUE,FALSE
2017/5/4,"2,500",FALSE,FALSE,FALSE
2017/5/5,"2,400",FALSE,FALSE,FALSE
2017/5/6,"2,400",FALSE,FALSE,FALSE
2017/5/7,"2,400",FALSE,FALSE,FALSE
2017/5/8,"2,400",FALSE,FALSE,FALSE
2017/5/9,"2,700",TRUE,FALSE,TRUE
2017/5/10,"2,700",FALSE,TRUE,FALSE
2017/5/11,"2,900",FALSE,TRUE,FALSE
2017/5/12,"2,800",FALSE,TRUE,FALSE
2017/5/13,"2,800",FALSE,FALSE,FALSE
2017/5/14,"2,900",FALSE,FALSE,FALSE
2017/5/15,"3,000",FALSE,FALSE,FALSE
2017/5/16,"2,900",FALSE,TRUE,FALSE
2017/5/17,"3,000",FALSE,TRUE,FALSE
2017/5/18,"3,000",FALSE,FALSE,FALSE
2017/5/19,"3,100",TRUE,FALSE,FALSE
2017/5/20,"3,100",FALSE,FALSE,FALSE
2017/5/21,"3,100",FALSE,FALSE,FALSE
2017/5/22,"3,300",FALSE,TRUE,FALSE
2017/5/23,"3,500",TRUE,FALSE,TRUE
2017/5/24,"3,500",TRUE,TRUE,FALSE
2017/5/25,"3,300",FALSE,TRUE,FALSE
2017/5/26,"3,400",FALSE,FALSE,TRUE
2017/5/27,"3,400",TRUE,TRUE,FALSE
2017/5/28,"3,600",FALSE,FALSE,FALSE
2017/5/29,"3,700",FALSE,FALSE,FALSE
2017/5/30,"4,600",TRUE,TRUE,FALSE
2017/5/31,"4,600",FALSE,TRUE,FALSE
2017/6/1,"4,600",FALSE,TRUE,FALSE
2017/6/2,"3,500",TRUE,FALSE,FALSE
2017/6/3,"4,000",TRUE,TRUE,FALSE
2017/6/4,"3,700",FALSE,FALSE,FALSE
2017/6/5,"3,500",FALSE,FALSE,FALSE
2017/6/6,"3,500",FALSE,FALSE,TRUE
2017/6/7,"3,400",FALSE,TRUE,FALSE
2017/6/8,"3,700",TRUE,TRUE,FALSE
2017/6/9,"3,400",TRUE,TRUE,FALSE
2017/6/10,"3,400",FALSE,TRUE,FALSE
2017/6/11,"3,400",FALSE,FALSE,FALSE
2017/6/12,"3,400",FALSE,FALSE,FALSE
2017/6/13,"3,500",FALSE,TRUE,FALSE
2017/6/14,"3,500",FALSE,FALSE,FALSE
2017/6/15,"4,000",TRUE,FALSE,FALSE
2017/6/16,"3,500",FALSE,TRUE,FALSE
2017/6/17,"4,000",FALSE,TRUE,FALSE
2017/6/18,"3,500",FALSE,FALSE,FALSE
2017/6/19,"3,400",FALSE,FALSE,FALSE
2017/6/20,"3,400",FALSE,FALSE,FALSE
2017/6/21,"3,800",FALSE,TRUE,FALSE
2017/6/22,"4,100",TRUE,FALSE,TRUE
2017/6/23,"3,500",FALSE,TRUE,FALSE
2017/6/24,"3,500",FALSE,FALSE,TRUE
2017/6/25,"3,500",FALSE,FALSE,FALSE
2017/6/26,"4,000",FALSE,TRUE,FALSE
2017/6/27,"4,000",FALSE,TRUE,FALSE
2017/6/28,"4,000",FALSE,TRUE,FALSE
2017/6/29,"4,000",TRUE,TRUE,FALSE
2017/6/30,"4,000",FALSE,TRUE,FALSE
2017/7/1,"5,400",FALSE,TRUE,FALSE
2017/7/2,"3,600",FALSE,FALSE,FALSE
2017/7/3,"3,000",FALSE,FALSE,FALSE
2017/7/4,"6,700",TRUE,TRUE,FALSE
2017/7/5,"3,850",FALSE,TRUE,FALSE
2017/7/6,"3,650",FALSE,FALSE,TRUE
2017/7/7,"3,150",FALSE,TRUE,FALSE
2017/7/8,"2,900",FALSE,TRUE,FALSE
2017/7/9,"2,900",FALSE,FALSE,FALSE
2017/7/10,"3,000",FALSE,FALSE,FALSE
2017/7/11,"3,400",FALSE,TRUE,FALSE
2017/7/12,"2,900",FALSE,FALSE,FALSE
2017/7/13,"3,200",TRUE,FALSE,FALSE
2017/7/14,"2,900",FALSE,FALSE,FALSE
2017/7/15,"3,000",FALSE,TRUE,FALSE
2017/7/16,"2,750",FALSE,FALSE,FALSE
2017/7/17,"2,650",FALSE,FALSE,FALSE
2017/7/18,"2,850",FALSE,FALSE,FALSE
2017/7/19,"2,800",FALSE,FALSE,FALSE
2017/7/20,"2,800",FALSE,FALSE,FALSE
2017/7/21,"2,800",FALSE,FALSE,FALSE
2017/7/22,"5,800",TRUE,TRUE,TRUE
2017/7/23,"3,400",FALSE,FALSE,FALSE
2017/7/24,"3,500",FALSE,FALSE,FALSE
2017/7/25,"4,100",FALSE,TRUE,FALSE
2017/7/26,"3,100",FALSE,TRUE,FALSE
2017/7/27,"3,400",FALSE,TRUE,TRUE
2017/7/28,"3,100",FALSE,TRUE,FALSE
2017/7/29,"4,400",FALSE,TRUE,FALSE
2017/7/30,"3,900",FALSE,TRUE,FALSE
2017/7/31,"3,900",FALSE,FALSE,FALSE
2017/8/1,"4,900",FALSE,TRUE,FALSE
2017/8/2,"4,020",TRUE,TRUE,FALSE
2017/8/3,"3,520",TRUE,TRUE,FALSE
2017/8/4,"3,820",FALSE,TRUE,FALSE
2017/8/5,"3,000",TRUE,TRUE,FALSE
2017/8/6,"3,050",FALSE,FALSE,FALSE
2017/8/7,"3,250",FALSE,FALSE,FALSE
2017/8/8,"4,500",TRUE,FALSE,TRUE
2017/8/9,"3,150",FALSE,FALSE,FALSE
2017/8/10,"2,700",FALSE,TRUE,FALSE
2017/8/11,"3,000",TRUE,TRUE,FALSE
2017/8/12,"1,800",FALSE,FALSE,FALSE
2017/8/13,"1,800",FALSE,FALSE,FALSE
2017/8/14,"1,800",FALSE,FALSE,FALSE
2017/8/15,"1,800",FALSE,FALSE,FALSE
2017/8/16,"2,400",FALSE,TRUE,FALSE
2017/8/17,"2,200",FALSE,FALSE,FALSE
2017/8/18,"1,900",FALSE,FALSE,FALSE
2017/8/19,"1,900",FALSE,FALSE,FALSE
2017/8/20,"2,000",FALSE,FALSE,FALSE
2017/8/21,"3,900",FALSE,FALSE,FALSE
2017/8/22,"5,600",TRUE,TRUE,TRUE
2017/8/23,"4,120",FALSE,TRUE,FALSE
2017/8/24,"3,420",FALSE,FALSE,TRUE
2017/8/25,"3,360",FALSE,FALSE,FALSE
2017/8/26,"4,200",TRUE,TRUE,FALSE
2017/8/27,"4,400",FALSE,TRUE,FALSE
2017/8/28,"4,600",FALSE,FALSE,FALSE
2017/8/29,"4,000",FALSE,FALSE,FALSE
2017/8/30,"4,400",TRUE,TRUE,FALSE
2017/8/31,"4,200",TRUE,FALSE,FALSE
2017/9/1,"6,000",TRUE,TRUE,FALSE
2017/9/2,"4,280",TRUE,TRUE,FALSE
2017/9/3,"3,150",FALSE,FALSE,FALSE
2017/9/4,"3,350",FALSE,FALSE,FALSE
2017/9/5,"3,450",FALSE,TRUE,FALSE
2017/9/6,"2,950",FALSE,FALSE,TRUE
2017/9/7,"2,950",FALSE,FALSE,FALSE
2017/9/8,"2,920",FALSE,TRUE,FALSE
2017/9/9,"2,450",FALSE,TRUE,FALSE
2017/9/10,"2,410",FALSE,FALSE,FALSE
2017/9/11,"2,550",FALSE,FALSE,FALSE
2017/9/12,"2,670",FALSE,TRUE,FALSE
2017/9/13,"2,620",FALSE,FALSE,FALSE
2017/9/14,"2,620",FALSE,FALSE,FALSE
2017/9/15,"2,450",FALSE,TRUE,FALSE
2017/9/16,"4,550",TRUE,TRUE,FALSE
2017/9/17,"4,120",FALSE,FALSE,FALSE
2017/9/18,"4,030",FALSE,FALSE,FALSE
2017/9/19,"4,640",FALSE,TRUE,FALSE
2017/9/20,"5,280",FALSE,TRUE,FALSE
2017/9/21,"5,020",FALSE,TRUE,FALSE
2017/9/22,"6,500",TRUE,FALSE,TRUE
2017/9/23,"5,200",TRUE,TRUE,FALSE
2017/9/24,"5,200",FALSE,FALSE,FALSE
2017/9/25,"5,520",FALSE,FALSE,FALSE
2017/9/26,"5,400",TRUE,TRUE,TRUE
2017/9/27,"5,360",TRUE,FALSE,FALSE
2017/9/28,"5,660",FALSE,TRUE,FALSE
2017/9/29,"5,960",FALSE,TRUE,FALSE
2017/9/30,"6,200",FALSE,TRUE,FALSE
2017/10/1,"8,000",FALSE,TRUE,FALSE
2017/10/2,"3,610",FALSE,FALSE,FALSE
2017/10/3,"3,400",FALSE,TRUE,FALSE
2017/10/4,"3,210",FALSE,TRUE,FALSE
2017/10/5,"3,100",TRUE,TRUE,FALSE
2017/10/6,"3,570",TRUE,FALSE,TRUE
2017/10/7,"2,750",FALSE,TRUE,FALSE
2017/10/8,"2,950",FALSE,FALSE,FALSE
2017/10/9,"2,960",FALSE,FALSE,FALSE
2017/10/10,"3,010",FALSE,FALSE,FALSE
2017/10/11,"3,410",FALSE,TRUE,FALSE
2017/10/12,"3,080",TRUE,FALSE,FALSE
2017/10/13,"2,950",TRUE,TRUE,FALSE
2017/10/14,"2,680",FALSE,TRUE,FALSE
2017/10/15,"2,970",FALSE,FALSE,FALSE
2017/10/16,"3,330",FALSE,FALSE,FALSE
2017/10/17,"3,100",FALSE,TRUE,FALSE
2017/10/18,"3,450",TRUE,FALSE,FALSE
2017/10/19,"2,870",FALSE,FALSE,FALSE
2017/10/20,"2,870",TRUE,TRUE,FALSE
2017/10/21,"3,430",FALSE,TRUE,FALSE
2017/10/22,"3,750",TRUE,TRUE,FALSE
2017/10/23,"3,980",FALSE,FALSE,FALSE
2017/10/24,"3,900",TRUE,FALSE,TRUE
2017/10/25,"3,670",FALSE,TRUE,FALSE
2017/10/26,"3,890",TRUE,TRUE,TRUE
2017/10/27,"3,900",TRUE,TRUE,FALSE
2017/10/28,"3,980",FALSE,TRUE,FALSE
2017/10/29,"4,360",FALSE,FALSE,FALSE
2017/10/30,"4,670",FALSE,TRUE,FALSE
2017/10/31,"4,960",FALSE,TRUE,FALSE
2017/11/1,"6,300",FALSE,TRUE,FALSE
2017/11/2,"5,500",TRUE,TRUE,FALSE
2017/11/3,"4,400",TRUE,TRUE,FALSE
2017/11/4,"3,800",FALSE,FALSE,FALSE
2017/11/5,"3,500",FALSE,FALSE,FALSE
2017/11/6,"3,900",FALSE,FALSE,FALSE
2017/11/7,"4,400",FALSE,FALSE,TRUE
2017/11/8,"4,700",TRUE,TRUE,FALSE
2017/11/9,"4,800",FALSE,TRUE,FALSE
2017/11/10,"4,600",FALSE,TRUE,FALSE
2017/11/11,"4,400",FALSE,TRUE,FALSE
2017/11/12,"4,300",FALSE,FALSE,FALSE
2017/11/13,"4,400",FALSE,FALSE,FALSE
2017/11/14,"4,900",FALSE,TRUE,FALSE
2017/11/15,"5,100",FALSE,TRUE,FALSE
2017/11/16,"5,100",TRUE,TRUE,FALSE
2017/11/17,"4,800",TRUE,TRUE,FALSE
2017/11/18,"4,700",FALSE,FALSE,FALSE
2017/11/19,"4,800",FALSE,FALSE,FALSE
2017/11/20,"5,000",FALSE,FALSE,FALSE
2017/11/21,"5,500",FALSE,TRUE,FALSE
2017/11/22,"6,700",TRUE,FALSE,TRUE
2017/11/23,"5,600",TRUE,TRUE,FALSE
2017/11/24,"5,200",FALSE,FALSE,FALSE
2017/11/25,"5,400",TRUE,TRUE,FALSE
2017/11/26,"5,900",FALSE,TRUE,FALSE
2017/11/27,"6,100",FALSE,FALSE,FALSE
2017/11/28,"6,300",FALSE,TRUE,TRUE
2017/11/29,"7,100",FALSE,TRUE,FALSE
2017/11/30,"6,700",FALSE,TRUE,FALSE
2017/12/1,"7,900",TRUE,TRUE,FALSE
2017/12/2,"4,538",TRUE,TRUE,FALSE
2017/12/3,"3,193",FALSE,FALSE,FALSE
2017/12/4,"3,345",FALSE,FALSE,FALSE
2017/12/5,"3,486",TRUE,TRUE,FALSE
2017/12/6,"3,029",FALSE,FALSE,TRUE
2017/12/7,"3,336",TRUE,TRUE,FALSE
2017/12/8,"3,724",FALSE,TRUE,FALSE
2017/12/9,"4,147",TRUE,TRUE,FALSE
2017/12/10,"3,603",FALSE,FALSE,FALSE
2017/12/11,"3,702",FALSE,FALSE,FALSE
2017/12/12,"4,221",TRUE,TRUE,FALSE
2017/12/13,"3,821",FALSE,TRUE,FALSE
2017/12/14,"4,496",TRUE,TRUE,FALSE
2017/12/15,"3,893",FALSE,TRUE,FALSE
2017/12/16,"5,838",TRUE,TRUE,FALSE
2017/12/17,"4,343",TRUE,FALSE,FALSE
2017/12/18,"4,162",FALSE,FALSE,FALSE
2017/12/19,"4,999",TRUE,TRUE,FALSE
2017/12/20,"4,038",FALSE,FALSE,FALSE
2017/12/21,"4,271",FALSE,TRUE,FALSE
2017/12/22,"5,727",FALSE,TRUE,TRUE
2017/12/23,"5,355",FALSE,TRUE,FALSE
2017/12/24,"4,124",FALSE,TRUE,FALSE
2017/12/25,"4,155",FALSE,FALSE,FALSE
2017/12/26,"5,305",TRUE,TRUE,TRUE
2017/12/27,"3,630",FALSE,TRUE,FALSE
2017/12/28,"3,140",FALSE,TRUE,FALSE
2017/12/29,"2,370",FALSE,FALSE,FALSE
2017/12/30,"2,550",FALSE,TRUE,FALSE
2017/12/31,"2,090",FALSE,FALSE,FALSE
2018/1/1,"3,200",FALSE,TRUE,FALSE
2018/1/2,"1,333",TRUE,FALSE,FALSE
2018/1/3,"1,598",FALSE,FALSE,FALSE
2018/1/4,"1,658",FALSE,FALSE,FALSE
2018/1/5,"1,653",FALSE,FALSE,FALSE
2018/1/6,"7,986",TRUE,TRUE,FALSE
2018/1/7,"7,923",FALSE,FALSE,FALSE
2018/1/8,"4,325",FALSE,FALSE,FALSE
2018/1/9,"3,909",FALSE,FALSE,FALSE
2018/1/10,"2,793",FALSE,FALSE,TRUE
2018/1/11,"3,134",FALSE,TRUE,FALSE
2018/1/12,"4,670",TRUE,TRUE,FALSE
2018/1/13,"4,342",TRUE,TRUE,FALSE
2018/1/14,"3,508",FALSE,FALSE,FALSE
2018/1/15,"2,967",FALSE,FALSE,FALSE
2018/1/16,"2,908",TRUE,TRUE,FALSE
2018/1/17,"2,956",TRUE,TRUE,FALSE
2018/1/18,"3,124",TRUE,TRUE,FALSE
2018/1/19,"2,948",FALSE,TRUE,FALSE
2018/1/20,"2,926",FALSE,TRUE,FALSE
2018/1/21,"2,820",FALSE,FALSE,FALSE
2018/1/22,"4,751",FALSE,TRUE,FALSE
2018/1/23,"4,473",FALSE,FALSE,TRUE
2018/1/24,"4,590",TRUE,TRUE,FALSE
2018/1/25,"4,408",FALSE,TRUE,FALSE
2018/1/26,"4,123",TRUE,FALSE,TRUE
2018/1/27,"4,979",FALSE,TRUE,FALSE
2018/1/28,"4,571",FALSE,FALSE,FALSE
2018/1/29,"4,347",FALSE,FALSE,FALSE
2018/1/30,"4,983",FALSE,TRUE,FALSE
2018/1/31,"4,863",FALSE,FALSE,FALSE
2018/2/1,"4,899",FALSE,TRUE,FALSE
2018/2/2,"6,241",TRUE,TRUE,FALSE
2018/2/3,"4,844",FALSE,TRUE,FALSE
2018/2/4,"4,491",FALSE,FALSE,FALSE
2018/2/5,"4,025",FALSE,FALSE,FALSE
2018/2/6,"3,825",FALSE,FALSE,TRUE
2018/2/7,"4,009",FALSE,TRUE,FALSE
2018/2/8,"4,284",FALSE,TRUE,FALSE
2018/2/9,"4,646",TRUE,TRUE,FALSE
2018/2/10,"4,059",TRUE,TRUE,FALSE
2018/2/11,"3,542",FALSE,FALSE,FALSE
2018/2/12,"3,735",FALSE,FALSE,FALSE
2018/2/13,"3,810",FALSE,FALSE,FALSE
2018/2/14,"4,281",FALSE,TRUE,FALSE
2018/2/15,"4,497",TRUE,TRUE,FALSE
2018/2/16,"4,293",FALSE,TRUE,FALSE
2018/2/17,"5,346",TRUE,TRUE,FALSE
2018/2/18,"4,567",FALSE,FALSE,FALSE
2018/2/19,"4,695",FALSE,TRUE,FALSE
2018/2/20,"3,892",FALSE,FALSE,FALSE
2018/2/21,"4,052",FALSE,FALSE,FALSE
2018/2/22,"5,985",TRUE,FALSE,TRUE
2018/2/23,"4,981",FALSE,TRUE,FALSE
2018/2/24,"5,782",FALSE,TRUE,TRUE
2018/2/25,"5,338",TRUE,FALSE,FALSE
2018/2/26,"5,976",TRUE,FALSE,FALSE
2018/2/27,"6,220",TRUE,TRUE,FALSE
2018/2/28,"6,338",FALSE,FALSE,FALSE
2018/3/1,"11,112",FALSE,TRUE,FALSE
2018/3/2,"4,828",TRUE,TRUE,FALSE
2018/3/3,"4,500",FALSE,TRUE,FALSE
2018/3/4,"4,154",FALSE,FALSE,FALSE
2018/3/5,"4,099",FALSE,FALSE,FALSE
2018/3/6,"4,862",FALSE,FALSE,TRUE
2018/3/7,"4,921",FALSE,TRUE,FALSE
2018/3/8,"4,394",FALSE,FALSE,FALSE
2018/3/9,"4,213",TRUE,TRUE,FALSE
2018/3/10,"4,382",FALSE,TRUE,FALSE
2018/3/11,"4,226",FALSE,FALSE,FALSE
2018/3/12,"4,129",FALSE,FALSE,FALSE
2018/3/13,"4,849",TRUE,TRUE,FALSE
2018/3/14,"5,855",FALSE,TRUE,FALSE
2018/3/15,"6,035",FALSE,TRUE,FALSE
2018/3/16,"4,441",FALSE,FALSE,FALSE
2018/3/17,"5,914",TRUE,TRUE,FALSE
2018/3/18,"4,979",FALSE,FALSE,FALSE
2018/3/19,"4,712",FALSE,FALSE,FALSE
2018/3/20,"5,516",FALSE,TRUE,FALSE
2018/3/21,"5,488",TRUE,FALSE,FALSE
2018/3/22,"8,174",FALSE,TRUE,TRUE
2018/3/23,"8,346",TRUE,TRUE,FALSE
2018/3/24,"6,995",FALSE,FALSE,FALSE
2018/3/25,"5,876",FALSE,FALSE,FALSE
2018/3/26,"6,135",FALSE,FALSE,TRUE
2018/3/27,"8,202",FALSE,TRUE,FALSE
2018/3/28,"8,575",TRUE,FALSE,FALSE
2018/3/29,"8,503",FALSE,TRUE,FALSE
2018/3/30,"10,266",FALSE,TRUE,FALSE
2018/3/31,"11,498",TRUE,FALSE,FALSE
2018/4/1,"18,382",FALSE,TRUE,FALSE
2018/4/2,"3,290",FALSE,FALSE,FALSE
2018/4/3,"3,932",TRUE,TRUE,FALSE
2018/4/4,"3,756",FALSE,TRUE,FALSE
2018/4/5,"4,184",TRUE,TRUE,FALSE
2018/4/6,"3,647",FALSE,FALSE,TRUE
2018/4/7,"3,471",FALSE,TRUE,FALSE
2018/4/8,"3,309",FALSE,FALSE,FALSE
2018/4/9,"3,205",FALSE,FALSE,FALSE
2018/4/10,"4,416",FALSE,TRUE,FALSE
2018/4/11,"4,342",FALSE,TRUE,FALSE
2018/4/12,"4,840",TRUE,TRUE,FALSE
2018/4/13,"4,557",FALSE,TRUE,FALSE
2018/4/14,"4,299",TRUE,FALSE,FALSE
2018/4/15,"3,984",FALSE,TRUE,FALSE
2018/4/16,"3,645",FALSE,FALSE,FALSE
2018/4/17,"3,910",FALSE,TRUE,FALSE
2018/4/18,"3,855",FALSE,TRUE,FALSE
2018/4/19,"3,961",FALSE,TRUE,FALSE
2018/4/20,"3,699",FALSE,FALSE,FALSE
2018/4/21,"4,050",FALSE,TRUE,FALSE
2018/4/22,"5,747",FALSE,TRUE,FALSE
2018/4/23,"5,078",FALSE,FALSE,FALSE
2018/4/24,"5,659",TRUE,FALSE,TRUE
2018/4/25,"5,874",FALSE,TRUE,FALSE
2018/4/26,"6,205",TRUE,TRUE,TRUE
2018/4/27,"5,906",FALSE,TRUE,FALSE
2018/4/28,"5,278",FALSE,TRUE,FALSE
2018/4/29,"5,489",FALSE,TRUE,FALSE
2018/4/30,"4,988",FALSE,FALSE,FALSE
2018/5/1,"6,919",FALSE,TRUE,FALSE
2018/5/2,"3,074",TRUE,FALSE,FALSE
2018/5/3,"2,970",TRUE,TRUE,FALSE
2018/5/4,"2,920",FALSE,FALSE,FALSE
2018/5/5,"2,970",TRUE,FALSE,FALSE
2018/5/6,"2,880",FALSE,FALSE,FALSE
2018/5/7,"3,200",FALSE,FALSE,FALSE
2018/5/8,"3,835",TRUE,FALSE,TRUE
2018/5/9,"3,661",FALSE,TRUE,FALSE
2018/5/10,"3,714",TRUE,TRUE,FALSE
2018/5/11,"3,620",FALSE,TRUE,FALSE
2018/5/12,"3,750",FALSE,TRUE,FALSE
2018/5/13,"4,215",TRUE,FALSE,FALSE
2018/5/14,"3,970",FALSE,FALSE,FALSE
2018/5/15,"3,900",TRUE,TRUE,FALSE
2018/5/16,"3,966",FALSE,TRUE,FALSE
2018/5/17,"3,777",TRUE,TRUE,FALSE
2018/5/18,"4,050",TRUE,FALSE,FALSE
2018/5/19,"3,746",FALSE,TRUE,FALSE
2018/5/20,"3,559",FALSE,FALSE,FALSE
2018/5/21,"3,625",FALSE,TRUE,FALSE
2018/5/22,"5,772",TRUE,TRUE,TRUE
2018/5/23,"6,119",FALSE,TRUE,FALSE
2018/5/24,"5,926",FALSE,TRUE,FALSE
2018/5/25,"5,778",FALSE,TRUE,FALSE
2018/5/26,"5,818",TRUE,FALSE,TRUE
2018/5/27,"7,420",FALSE,TRUE,FALSE
2018/5/28,"6,252",FALSE,FALSE,FALSE
2018/5/29,"7,032",FALSE,FALSE,FALSE
2018/5/30,"7,693",FALSE,TRUE,FALSE
2018/5/31,"7,805",TRUE,TRUE,FALSE
2018/6/1,"10,518",FALSE,TRUE,FALSE
2018/6/2,"4,249",TRUE,TRUE,FALSE
2018/6/3,"4,118",TRUE,FALSE,FALSE
2018/6/4,"3,975",FALSE,FALSE,FALSE
2018/6/5,"3,788",TRUE,TRUE,FALSE
2018/6/6,"3,940",TRUE,FALSE,TRUE
2018/6/7,"3,938",FALSE,TRUE,FALSE
2018/6/8,"4,340",TRUE,TRUE,FALSE
2018/6/9,"3,926",FALSE,FALSE,FALSE
2018/6/10,"3,496",FALSE,FALSE,FALSE
2018/6/11,"3,336",FALSE,FALSE,FALSE
2018/6/12,"3,881",FALSE,TRUE,FALSE
2018/6/13,"4,079",TRUE,TRUE,FALSE
2018/6/14,"4,276",FALSE,TRUE,FALSE
2018/6/15,"3,690",FALSE,TRUE,FALSE
2018/6/16,"3,580",TRUE,TRUE,FALSE
2018/6/17,"3,507",FALSE,FALSE,FALSE
2018/6/18,"3,358",FALSE,FALSE,FALSE
2018/6/19,"4,639",TRUE,TRUE,FALSE
2018/6/20,"4,780",TRUE,TRUE,FALSE
2018/6/21,"4,665",FALSE,TRUE,FALSE
2018/6/22,"5,736",FALSE,FALSE,TRUE
2018/6/23,"4,990",TRUE,TRUE,FALSE
2018/6/24,"4,579",FALSE,FALSE,FALSE
2018/6/25,"4,198",FALSE,FALSE,FALSE
2018/6/26,"6,627",TRUE,TRUE,TRUE
2018/6/27,"5,272",FALSE,TRUE,FALSE
2018/6/28,"6,150",TRUE,TRUE,FALSE
2018/6/29,"5,764",TRUE,TRUE,FALSE
2018/6/30,"5,059",TRUE,TRUE,FALSE
2018/7/1,"7,226",FALSE,TRUE,FALSE
